wall_time_iso,wall_time_s,wrench_stamp_s,abs_force_x,abs_force_y,abs_force_z,abs_torque_x,abs_torque_y,abs_torque_z,delta_force_x,delta_force_y,delta_force_z,delta_torque_x,delta_torque_y,delta_torque_z,grad_force_x,grad_force_y,grad_force_z,grad_torque_x,grad_torque_y,grad_torque_z
2026-04-17T19:38:49.881654+00:00,1776454729.881654024,366.166000000,0.002119750,0.448786595,20.719685728,0.018783462,-0.178285361,0.003245846,0.000000000,0.000000000,0.000000000,0.000000000,0.000000000,0.000000000,0.000000000,0.000000000,0.000000000,0.000000000,0.000000000,0.000000000
2026-04-17T19:38:50.034360+00:00,1776454730.034359932,366.266000000,-0.004189304,0.529059323,20.772101788,0.182354910,-0.114934868,0.001211435,-0.006309055,0.080272727,0.052416060,0.163571448,0.063350494,-0.002034410,-0.063090546,0.802727274,0.524160605,1.635714476,0.633504936,-0.020344104
2026-04-17T19:38:50.192634+00:00,1776454730.192634106,366.366000000,0.379638565,0.525524459,20.720149080,0.067698873,-0.089100713,0.035247734,0.383827869,-0.003534864,-0.051952708,-0.114656037,0.025834155,0.034036298,3.838278693,-0.035348637,-0.519527081,-1.146560370,0.258341550,0.340362984
2026-04-17T19:38:50.370729+00:00,1776454730.370728970,366.468000000,3.578379206,1.469851764,16.874574708,0.173440162,0.335861504,-0.049048067,0.000000000,0.000000000,0.000000000,0.000000000,0.000000000,0.000000000,0.000000000,0.000000000,0.000000000,0.000000000,0.000000000,0.000000000
2026-04-17T19:38:50.488422+00:00,1776454730.488421917,366.570000000,2.388259036,-1.279830981,18.664731923,0.002274334,-0.017475024,0.106176672,0.000000000,0.000000000,0.000000000,0.000000000,0.000000000,0.000000000,0.000000000,0.000000000,0.000000000,0.000000000,0.000000000,0.000000000
2026-04-17T19:38:50.634318+00:00,1776454730.634318113,366.670000000,2.492050912,-3.693369679,19.246409527,-0.054582664,0.140189527,0.075565834,0.103791875,-2.413538698,0.581677603,-0.056856999,0.157664551,-0.030610838,1.037918751,-24.135386981,5.816776035,-0.568569986,1.576645511,-0.306108384
2026-04-17T19:38:50.771681+00:00,1776454730.771681070,366.770000000,1.100402680,-4.905649429,19.749313799,-0.042860887,-0.040568117,0.081728988,-1.391648232,-1.212279750,0.502904272,0.011721777,-0.180757643,0.006163155,-13.916482317,-12.122797497,5.029042720,0.117217775,-1.807576435,0.061631546
2026-04-17T19:38:50.910623+00:00,1776454730.910623074,366.870000000,0.722119743,-6.278550679,19.967926192,-0.024732021,0.031765297,0.058561416,-0.378282937,-1.372901251,0.218612394,0.018128866,0.072333414,-0.023167572,-3.782829371,-13.729012506,2.186123936,0.181288657,0.723334139,-0.231675724
2026-04-17T19:38:51.075252+00:00,1776454731.075252056,366.970000000,0.004679133,-6.434172349,19.755614053,-0.038011366,0.101072765,0.019066577,-0.717440610,-0.155621670,-0.212312139,-0.013279345,0.069307467,-0.039494839,-7.174406101,-1.556216695,-2.123121390,-0.132793445,0.693074674,-0.394948387
2026-04-17T19:38:51.188292+00:00,1776454731.188292027,367.070000000,0.095069504,-6.643085349,19.111877627,-0.013503969,0.087827834,0.000606660,0.090390371,-0.208913000,-0.643736426,0.024507397,-0.013244931,-0.018459918,0.903903709,-2.089130000,-6.437364263,0.245073966,-0.132449311,-0.184599177
2026-04-17T19:38:51.325625+00:00,1776454731.325624943,367.172000000,-0.401753554,-7.553329823,19.562392560,0.053049363,0.115785112,0.037292725,0.000000000,0.000000000,0.000000000,0.000000000,0.000000000,0.000000000,0.000000000,0.000000000,0.000000000,0.000000000,0.000000000,0.000000000
2026-04-17T19:38:51.466908+00:00,1776454731.466907978,367.272000000,-0.675585701,-7.286310126,18.875635848,0.023283375,-0.072269355,-0.027951936,-0.273832147,0.267019697,-0.686756712,-0.029765988,-0.188054466,-0.065244660,-2.738321471,2.670196967,-6.867567116,-0.297659883,-1.880544663,-0.652446603
2026-04-17T19:38:51.604745+00:00,1776454731.604744911,367.372000000,-0.703283035,-7.679922109,18.802654198,0.064815235,-0.002069534,0.011759765,-0.027697333,-0.393611983,-0.072981650,0.041531860,0.070199820,0.039711700,-0.276973335,-3.936119827,-0.729816502,0.415318605,0.701998204,0.397117005
2026-04-17T19:38:51.769738+00:00,1776454731.769737959,367.476000000,-0.429530193,-7.778940740,19.406034110,-0.038197448,0.046045297,0.062963232,0.000000000,0.000000000,0.000000000,0.000000000,0.000000000,0.000000000,0.000000000,0.000000000,0.000000000,0.000000000,0.000000000,0.000000000
2026-04-17T19:38:51.880913+00:00,1776454731.880913019,367.576000000,-0.503841851,-8.159590524,19.305070730,0.033506875,0.056539918,0.005260485,-0.074311658,-0.380649784,-0.100963380,0.071704322,0.010494621,-0.057702747,-0.743116582,-3.806497843,-1.009633797,0.717043223,0.104946214,-0.577027466
2026-04-17T19:38:52.024015+00:00,1776454732.024014950,367.676000000,-1.090801434,-7.950972297,18.870571977,0.088243344,0.094156886,0.000331821,-0.586959583,0.208618226,-0.434498753,0.054736470,0.037616968,-0.004928664,-5.869595825,2.086182265,-4.344987534,0.547364697,0.376169677,-0.049286642
2026-04-17T19:38:52.161959+00:00,1776454732.161958933,367.776000000,-0.600731421,-8.225770937,18.667982489,-0.044401949,0.050572913,-0.060624469,0.490070013,-0.274798639,-0.202589488,-0.132645293,-0.043583973,-0.060956290,4.900700129,-2.747986394,-2.025894881,-1.326452930,-0.435839730,-0.609562896
2026-04-17T19:38:52.302344+00:00,1776454732.302344084,367.878000000,-0.593477535,-7.800726807,18.707209629,0.080695291,-0.039798442,0.024024912,0.000000000,0.000000000,0.000000000,0.000000000,0.000000000,0.000000000,0.000000000,0.000000000,0.000000000,0.000000000,0.000000000,0.000000000
2026-04-17T19:38:52.450714+00:00,1776454732.450714111,367.978000000,-0.111263712,-8.004140597,18.892993690,0.027508849,0.000272419,-0.045044027,0.482213824,-0.203413790,0.185784061,-0.053186442,0.040070861,-0.069068939,4.822138238,-2.034137898,1.857840606,-0.531864418,0.400708606,-0.690689395
2026-04-17T19:38:52.578091+00:00,1776454732.578090906,368.078000000,-0.087601675,-8.162392268,18.794781040,0.012768848,-0.014272484,0.046605441,0.023662036,-0.158251671,-0.098212650,-0.014740001,-0.014544902,0.091649469,0.236620362,-1.582516710,-0.982126502,-0.147400013,-0.145449024,0.916494686
2026-04-17T19:38:52.719918+00:00,1776454732.719918013,368.182000000,-0.282302660,-7.548234242,18.525344511,-0.000850877,0.010209914,0.035497215,0.000000000,0.000000000,0.000000000,0.000000000,0.000000000,0.000000000,0.000000000,0.000000000,0.000000000,0.000000000,0.000000000,0.000000000
2026-04-17T19:38:52.858861+00:00,1776454732.858860970,368.282000000,-0.498082676,-7.658439212,18.842131962,0.042172696,-0.081217237,-0.033688609,-0.215780016,-0.110204970,0.316787451,0.043023573,-0.091427152,-0.069185824,-2.157800162,-1.102049704,3.167874507,0.430235735,-0.914271515,-0.691858239
2026-04-17T19:38:53.000374+00:00,1776454733.000374079,368.364000000,-0.196899732,-7.956603782,19.235010279,0.120013002,0.022743226,-0.003202183,0.301182945,-0.298164570,0.392878317,0.077840306,0.103960463,0.030486426,3.011829447,-2.981645698,3.928783172,0.778403059,1.039604632,0.304864257
2026-04-17T19:38:53.150317+00:00,1776454733.150316954,368.464000000,-0.440538654,-8.007203545,19.095856485,0.043157170,-0.047972334,-0.001638889,-0.243638923,-0.050599763,-0.139153794,-0.076855832,-0.070715560,0.001563294,-2.436389227,-0.505997628,-1.391537943,-0.768558321,-0.707155597,0.015632941
2026-04-17T19:38:53.286087+00:00,1776454733.286087036,368.568000000,-0.049502304,-7.734517927,19.165984006,0.059205449,-0.009615525,0.013570854,0.000000000,0.000000000,0.000000000,0.000000000,0.000000000,0.000000000,0.000000000,0.000000000,0.000000000,0.000000000,0.000000000,0.000000000
2026-04-17T19:38:53.430182+00:00,1776454733.430181980,368.668000000,-0.442817511,-7.770110765,18.459799215,0.032609781,-0.121196752,0.049281848,-0.393315207,-0.035592838,-0.706184791,-0.026595668,-0.111581228,0.035710993,-3.933152073,-0.355928384,-7.061847910,-0.265956676,-1.115812275,0.357109934
2026-04-17T19:38:53.572327+00:00,1776454733.572326899,368.768000000,-0.320312464,-7.802297131,19.377431121,-0.104044390,0.005446024,-0.023267635,0.122505047,-0.032186366,0.917631906,-0.136654171,0.126642777,-0.072549483,1.225050466,-0.321863662,9.176319060,-1.366541713,1.266427766,-0.725494831
2026-04-17T19:38:53.744692+00:00,1776454733.744692087,368.868000000,-0.086528355,-7.723339199,18.953379186,0.009559783,-0.063320488,-0.027418504,0.233784109,0.078957933,-0.424051934,0.113604174,-0.068766512,-0.004150868,2.337841092,0.789579327,-4.240519344,1.136041736,-0.687665122,-0.041508684
2026-04-17T19:38:53.905285+00:00,1776454733.905284882,368.968000000,-0.683553516,-7.923674169,18.743529400,0.018298916,-0.020334380,-0.033095498,-0.597025161,-0.200334971,-0.209849787,0.008739132,0.042986108,-0.005676995,-5.970251606,-2.003349708,-2.098497865,0.087391325,0.429861079,-0.056769947
2026-04-17T19:38:54.043087+00:00,1776454734.043087006,369.070000000,-0.351118973,-7.497792246,18.927256059,-0.035357508,0.017525137,-0.054498843,0.000000000,0.000000000,0.000000000,0.000000000,0.000000000,0.000000000,0.000000000,0.000000000,0.000000000,0.000000000,0.000000000,0.000000000
2026-04-17T19:38:54.206637+00:00,1776454734.206636906,369.172000000,0.160267276,-8.006576926,19.039010409,-0.027860522,-0.002926233,0.025630476,0.000000000,0.000000000,0.000000000,0.000000000,0.000000000,0.000000000,0.000000000,0.000000000,0.000000000,0.000000000,0.000000000,0.000000000
2026-04-17T19:38:54.355417+00:00,1776454734.355417013,369.272000000,-0.047024867,-7.720885568,18.800491181,-0.043113215,-0.050945649,0.022435862,-0.207292143,0.285691358,-0.238519228,-0.015252694,-0.048019416,-0.003194614,-2.072921432,2.856913578,-2.385192279,-0.152526939,-0.480194160,-0.031946138
2026-04-17T19:38:54.502842+00:00,1776454734.502841949,369.372000000,-0.207053936,-7.841297074,19.153497105,0.090717104,0.032662848,0.038546120,-0.160029069,-0.120411506,0.353005924,0.133830320,0.083608497,0.016110258,-1.600290688,-1.204115063,3.530059240,1.338303197,0.836084968,0.161102576
2026-04-17T19:38:54.672269+00:00,1776454734.672269106,369.472000000,-0.119600235,-7.918084285,18.867850623,-0.023170788,0.031468353,-0.014388388,0.087453701,-0.076787210,-0.285646482,-0.113887892,-0.001194495,-0.052934508,0.874537013,-0.767872103,-2.856464816,-1.138878921,-0.011944945,-0.529345077
2026-04-17T19:38:54.804965+00:00,1776454734.804965019,369.572000000,-0.196372849,-8.132886650,19.213008389,-0.032797669,0.019345146,0.026200606,-0.076772614,-0.214802366,0.345157765,-0.009626881,-0.012123207,0.040588994,-0.767726138,-2.148023659,3.451577653,-0.096268809,-0.121232071,0.405889942
2026-04-17T19:38:54.942674+00:00,1776454734.942673922,369.672000000,-0.219989441,-7.831545421,18.898323944,-0.003319028,-0.095141383,-0.013680692,-0.023616593,0.301341229,-0.314684445,0.029478641,-0.114486530,-0.039881298,-0.236165926,3.013412294,-3.146844448,0.294786410,-1.144865296,-0.398812979
2026-04-17T19:38:55.088841+00:00,1776454735.088840961,369.772000000,-0.245510291,-7.675726900,19.194075502,0.020829866,-0.053699098,0.026686232,-0.025520850,0.155818521,0.295751558,0.024148893,0.041442285,0.040366924,-0.255208500,1.558185211,2.957515585,0.241488933,0.414422850,0.403669242
2026-04-17T19:38:55.228993+00:00,1776454735.228992939,369.876000000,-0.345062528,-7.996918048,18.792588411,0.021034893,-0.045155692,0.021879004,0.000000000,0.000000000,0.000000000,0.000000000,0.000000000,0.000000000,0.000000000,0.000000000,0.000000000,0.000000000,0.000000000,0.000000000
2026-04-17T19:38:55.393314+00:00,1776454735.393313885,369.976000000,0.080278478,-7.785167555,19.034386916,-0.023135458,-0.036765403,0.007415110,0.425341006,0.211750493,0.241798506,-0.044170352,0.008390289,-0.014463894,4.253410060,2.117504932,2.417985059,-0.441703518,0.083902890,-0.144638940
2026-04-17T19:38:55.517835+00:00,1776454735.517834902,370.078000000,-0.305433955,-8.102405941,19.278962538,0.015005596,0.001165254,0.041785711,0.000000000,0.000000000,0.000000000,0.000000000,0.000000000,0.000000000,0.000000000,0.000000000,0.000000000,0.000000000,0.000000000,0.000000000
2026-04-17T19:38:55.665855+00:00,1776454735.665854931,370.178000000,-0.223286385,-7.813520534,19.264212377,0.054965948,-0.058297281,-0.005542643,0.082147570,0.288885407,-0.014750162,0.039960352,-0.059462536,-0.047328353,0.821475697,2.888854065,-0.147501617,0.399603524,-0.594625359,-0.473283533
2026-04-17T19:38:55.816237+00:00,1776454735.816236973,370.278000000,-0.291765122,-7.202241248,16.489003141,0.174216505,-0.257253794,0.061895015,-0.068478737,0.611279286,-2.775209235,0.119250557,-0.198956513,0.067437657,-0.684787371,6.112792861,-27.752092352,1.192505567,-1.989565129,0.674376573
2026-04-17T19:38:55.962060+00:00,1776454735.962059975,370.378000000,-0.438815296,-3.077818609,13.840051398,-1.538967867,-0.286767443,-0.017674988,-0.147050174,4.124422639,-2.648951743,-1.713184372,-0.029513649,-0.079570002,-1.470501735,41.244226387,-26.489517434,-17.131843722,-0.295136486,-0.795700024
2026-04-17T19:38:56.131359+00:00,1776454736.131359100,370.478000000,-1.043409698,-1.841763610,8.036317791,-1.547963982,-0.388012979,-0.029365649,-0.604594402,1.236054999,-5.803733607,-0.008996115,-0.101245536,-0.011690661,-6.045944025,12.360549992,-58.037336066,-0.089961152,-1.012455361,-0.116906609
2026-04-17T19:38:56.257953+00:00,1776454736.257952929,370.578000000,-0.474410392,-6.797909970,17.448462875,-0.016381458,0.075540386,0.034455355,0.568999306,-4.956146360,9.412145084,1.531582524,0.463553365,0.063821004,5.689993061,-49.561463599,94.121450840,15.315825245,4.635533655,0.638210038
2026-04-17T19:38:56.399145+00:00,1776454736.399144888,370.680000000,-0.954220687,-5.593419424,17.099294871,-0.991081795,-0.826795649,-0.036992081,0.000000000,0.000000000,0.000000000,0.000000000,0.000000000,0.000000000,0.000000000,0.000000000,0.000000000,0.000000000,0.000000000,0.000000000
2026-04-17T19:38:56.544645+00:00,1776454736.544645071,370.780000000,-0.454092566,-7.222912388,17.746017205,-0.106264200,-0.223961609,-0.008932345,0.500128121,-1.629492964,0.646722334,0.884817595,0.602834040,0.028059736,5.001281213,-16.294929638,6.467223337,8.848175954,6.028340399,0.280597358
2026-04-17T19:38:56.694758+00:00,1776454736.694757938,370.880000000,-0.551149409,-5.575196129,15.521980783,-0.618722813,-0.256549539,-0.048886501,-0.097056843,1.647716259,-2.224036422,-0.512458613,-0.032587930,-0.039954156,-0.970568427,16.477162590,-22.240364220,-5.124586131,-0.325879296,-0.399541560
2026-04-17T19:38:56.867003+00:00,1776454736.867002964,370.980000000,-0.297199878,-6.028277427,16.504128269,0.133161739,-0.038546405,0.102802526,0.253949531,-0.453081298,0.982147485,0.751884552,0.218003134,0.151689027,2.539495309,-4.530812985,9.821474854,7.518845520,2.180031343,1.516890270
2026-04-17T19:38:56.986618+00:00,1776454736.986618042,371.080000000,-0.325986990,-6.981909121,16.750749798,-0.251116496,-0.033827519,-0.005428831,-0.028787112,-0.953631694,0.246621529,-0.384278235,0.004718886,-0.108231358,-0.287871118,-9.536316937,2.466215292,-3.842782347,0.047188856,-1.082313575
2026-04-17T19:38:57.134099+00:00,1776454737.134099007,371.182000000,-0.010109761,-7.636878761,17.782334762,0.019967671,-0.092819127,0.046687724,0.000000000,0.000000000,0.000000000,0.000000000,0.000000000,0.000000000,0.000000000,0.000000000,0.000000000,0.000000000,0.000000000,0.000000000
2026-04-17T19:38:57.279312+00:00,1776454737.279311895,371.264000000,0.176460797,-7.824939175,17.454287956,-0.141314873,-0.218573926,0.060052351,0.186570558,-0.188060414,-0.328046806,-0.161282544,-0.125754799,0.013364627,1.865705578,-1.880604144,-3.280468061,-1.612825439,-1.257547987,0.133646272
2026-04-17T19:38:57.442625+00:00,1776454737.442625046,371.366000000,0.113842044,-7.504061417,18.064866651,-0.036504943,-0.076956638,-0.046778497,0.000000000,0.000000000,0.000000000,0.000000000,0.000000000,0.000000000,0.000000000,0.000000000,0.000000000,0.000000000,0.000000000,0.000000000
2026-04-17T19:38:57.608144+00:00,1776454737.608144045,371.466000000,0.400231258,-7.641159312,17.992530470,-0.103016191,-0.045168917,-0.008065712,0.286389214,-0.137097895,-0.072336181,-0.066511248,0.031787721,0.038712786,2.863892136,-1.370978953,-0.723361811,-0.665112482,0.317877210,0.387127858
2026-04-17T19:38:57.740680+00:00,1776454737.740679979,371.568000000,0.608966393,-7.659433591,17.669177000,0.053231805,0.031192769,0.011623990,0.000000000,0.000000000,0.000000000,0.000000000,0.000000000,0.000000000,0.000000000,0.000000000,0.000000000,0.000000000,0.000000000,0.000000000
2026-04-17T19:38:57.907021+00:00,1776454737.907021046,371.668000000,0.999088949,-7.592249347,18.192039307,-0.010922392,0.179237424,0.014975968,0.390122556,0.067184244,0.522862307,-0.064154197,0.148044654,0.003351978,3.901225562,0.671842437,5.228623073,-0.641541971,1.480446543,0.033519785
2026-04-17T19:38:58.056283+00:00,1776454738.056282997,371.768000000,0.504648083,-6.851605791,16.847057313,-0.420118195,0.040685789,0.008784555,-0.494440866,0.740643556,-1.344981994,-0.409195803,-0.138551635,-0.006191414,-4.944408656,7.406435562,-13.449819945,-4.091958033,-1.385516352,-0.061914135
2026-04-17T19:38:58.223834+00:00,1776454738.223834038,371.868000000,1.086778487,-7.066443390,18.177513864,-0.269641080,0.093429667,-0.073157435,0.582130404,-0.214837599,1.330456552,0.150477115,0.052743878,-0.081941990,5.821304036,-2.148375995,13.304565519,1.504771155,0.527438780,-0.819419904
2026-04-17T19:38:58.393781+00:00,1776454738.393780947,371.968000000,0.411549870,-7.413465416,18.009275389,-0.080716590,0.085577706,-0.038792498,-0.675228617,-0.347022026,-0.168238475,0.188924490,-0.007851961,0.034364937,-6.752286169,-3.470220263,-1.682384751,1.889244900,-0.078519609,0.343649373
2026-04-17T19:38:58.533838+00:00,1776454738.533838034,372.068000000,1.008346519,-6.908087438,15.599227389,-0.154900869,-0.040326978,0.006430865,0.596796649,0.505377978,-2.410048001,-0.074184280,-0.125904683,0.045223363,5.967966493,5.053779782,-24.100480009,-0.741842797,-1.259046833,0.452233630
2026-04-17T19:38:58.689317+00:00,1776454738.689316988,372.168000000,0.906062841,-7.972336373,18.263460798,0.011632141,0.038001962,0.051327016,-0.102283679,-1.064248935,2.664233410,0.166533011,0.078328940,0.044896152,-1.022836787,-10.642489348,26.642334097,1.665330107,0.783289396,0.448961516
2026-04-17T19:38:58.847794+00:00,1776454738.847794056,372.268000000,1.001116185,-7.609943677,18.093349112,-0.038986205,0.127265049,0.052332181,0.095053344,0.362392696,-0.170111686,-0.050618347,0.089263087,0.001005165,0.950533439,3.623926956,-1.701116859,-0.506183468,0.892630871,0.010051646
2026-04-17T19:38:59.022085+00:00,1776454739.022084951,372.388000000,1.289665107,-5.987347586,18.114101290,-0.751926034,0.090493656,0.057357982,0.000000000,0.000000000,0.000000000,0.000000000,0.000000000,0.000000000,0.000000000,0.000000000,0.000000000,0.000000000,0.000000000,0.000000000
2026-04-17T19:38:59.184078+00:00,1776454739.184077978,372.468000000,0.802588198,-7.282040847,18.018428822,-0.016941667,0.035283211,-0.051342969,-0.487076908,-1.294693262,-0.095672468,0.734984367,-0.055210445,-0.108700950,-4.870769084,-12.946932616,-0.956724676,7.349843666,-0.552104451,-1.087009504
2026-04-17T19:38:59.325918+00:00,1776454739.325917959,372.568000000,0.604539346,-7.829637505,18.206934436,0.026889187,0.064886366,-0.049883906,-0.198048852,-0.547596658,0.188505614,0.043830855,0.029603156,0.001459063,-1.980488524,-5.475966576,1.885056143,0.438308545,0.296031555,0.014590631
2026-04-17T19:38:59.495862+00:00,1776454739.495862007,372.668000000,1.033350744,-7.165314564,18.519367693,-0.091485977,0.076634500,-0.075825082,0.428811398,0.664322941,0.312433257,-0.118375164,0.011748134,-0.025941176,4.288113976,6.643229407,3.124332565,-1.183751645,0.117481342,-0.259411763
2026-04-17T19:38:59.647331+00:00,1776454739.647330999,372.768000000,0.644882038,-7.865742194,18.732284425,-0.030016716,0.096148257,0.050486283,-0.388468706,-0.700427630,0.212916732,0.061469261,0.019513757,0.126311365,-3.884687059,-7.004276302,2.129167315,0.614692614,0.195137569,1.263113645
2026-04-17T19:38:59.815237+00:00,1776454739.815237045,372.868000000,0.843265313,-7.653618227,17.847480170,-0.185009401,0.193780641,-0.025194908,0.198383275,0.212123968,-0.884804255,-0.154992685,0.097632384,-0.075681190,1.983832749,2.121239677,-8.848042546,-1.549926855,0.976323835,-0.756811903
2026-04-17T19:38:59.976201+00:00,1776454739.976201057,372.968000000,0.470718850,-7.684146770,18.373393457,-0.133685332,0.057405986,-0.037422722,-0.372546463,-0.030528543,0.525913287,0.051324070,-0.136374655,-0.012227814,-3.725464630,-0.305285429,5.259132870,0.513240696,-1.363746549,-0.122278140
2026-04-17T19:39:00.137402+00:00,1776454740.137402058,373.068000000,1.489473069,-7.821297343,18.780664721,-0.064529427,0.186402876,0.002467272,1.018754219,-0.137150574,0.407271265,0.069155905,0.128996891,0.039889994,10.187542191,-1.371505738,4.072712645,0.691559049,1.289968907,0.398899938
2026-04-17T19:39:00.298436+00:00,1776454740.298435926,373.168000000,1.036046343,-7.500476098,18.067844073,-0.239973522,0.179887197,0.019255303,-0.453426726,0.320821245,-0.712820649,-0.175444096,-0.006515680,0.016788031,-4.534267263,3.208212455,-7.128206486,-1.754440958,-0.065156795,0.167880313
2026-04-17T19:39:00.470387+00:00,1776454740.470386982,373.268000000,1.082921071,-7.491310227,18.298738030,-0.178700776,0.069518226,0.004046632,0.046874729,0.009165871,0.230893957,0.061272747,-0.110368971,-0.015208671,0.468747285,0.091658712,2.308939566,0.612727466,-1.103689712,-0.152086711
2026-04-17T19:39:00.641972+00:00,1776454740.641972065,373.368000000,1.295289773,-7.430401889,18.373444310,-0.212708736,0.130865221,0.020500168,0.212368702,0.060908338,0.074706281,-0.034007960,0.061346996,0.016453536,2.123687017,0.609083377,0.747062806,-0.340079604,0.613469956,0.164535362
2026-04-17T19:39:00.811926+00:00,1776454740.811925888,373.468000000,1.011044338,-7.700846053,18.118115863,0.022147313,0.154184905,0.009203655,-0.284245435,-0.270444164,-0.255328448,0.234856050,0.023319683,-0.011296513,-2.842454347,-2.704441641,-2.553284475,2.348560496,0.233196834,-0.112965131
2026-04-17T19:39:00.966843+00:00,1776454740.966842890,373.568000000,1.349828878,-7.649092838,18.229244579,-0.085205757,0.259831126,0.063326895,0.338784540,0.051753215,0.111128716,-0.107353070,0.105646222,0.054123240,3.387845395,0.517532148,1.111287163,-1.073530699,1.056462216,0.541232397
2026-04-17T19:39:01.143988+00:00,1776454741.143987894,373.668000000,1.074871347,-7.344022995,18.389984459,-0.212680107,0.185289918,0.032574475,-0.274957530,0.305069844,0.160739880,-0.127474350,-0.074541208,-0.030752420,-2.749575303,3.050698438,1.607398802,-1.274743501,-0.745412084,-0.307524202
2026-04-17T19:39:01.318586+00:00,1776454741.318586111,373.768000000,0.478112791,-7.347072762,17.993398595,-0.069922910,0.028699745,0.016480278,-0.596758556,-0.003049767,-0.396585864,0.142757197,-0.156590173,-0.016094197,-5.967585561,-0.030497669,-3.965858639,1.427571966,-1.565901730,-0.160941972
2026-04-17T19:39:01.472547+00:00,1776454741.472547054,373.868000000,1.520051278,-7.555271765,18.417966285,-0.034242051,0.202284876,-0.051027894,1.041938486,-0.208199004,0.424567689,0.035680859,0.173585131,-0.067508171,10.419384864,-2.081990039,4.245676895,0.356808593,1.735851309,-0.675081710
2026-04-17T19:39:01.643669+00:00,1776454741.643668890,373.968000000,0.742866886,-7.252970669,17.844101520,-0.163175983,0.143909280,-0.076023424,-0.777184391,0.302301097,-0.573864764,-0.128933933,-0.058375596,-0.024995530,-7.771843913,3.023010965,-5.738647644,-1.289339327,-0.583755964,-0.249955301
2026-04-17T19:39:01.816664+00:00,1776454741.816663980,374.068000000,0.514745680,-7.777966014,18.199750135,-0.022729135,-0.003550035,0.024091401,-0.228121206,-0.524995345,0.355648615,0.140446848,-0.147459314,0.100114825,-2.281212063,-5.249953449,3.556486147,1.404468485,-1.474593144,1.001148249
2026-04-17T19:39:02.068951+00:00,1776454742.068950891,374.168000000,1.441326802,-7.557356616,18.398785361,-0.077828812,0.285452227,0.054243516,0.926581122,0.220609398,0.199035227,-0.055099677,0.289002262,0.030152115,9.265811217,2.206093976,1.990352265,-0.550996773,2.890022617,0.301521146
2026-04-17T19:39:02.155411+00:00,1776454742.155411005,374.274000000,0.837465321,-7.354160925,18.227793954,-0.091558157,0.049975982,-0.002844377,0.000000000,0.000000000,0.000000000,0.000000000,0.000000000,0.000000000,0.000000000,0.000000000,0.000000000,0.000000000,0.000000000,0.000000000
2026-04-17T19:39:02.323909+00:00,1776454742.323909044,374.374000000,1.287869304,-7.370236340,18.250066016,-0.152079121,0.234610510,-0.005349747,0.450403983,-0.016075415,0.022272062,-0.060520965,0.184634528,-0.002505369,4.504039831,-0.160754146,0.222720623,-0.605209647,1.846345283,-0.025053694
2026-04-17T19:39:02.510891+00:00,1776454742.510890961,374.474000000,1.011412805,-7.670999949,17.993283824,-0.175617511,0.093169644,0.001255923,-0.276456498,-0.300763609,-0.256782192,-0.023538390,-0.141440866,0.006605670,-2.764564984,-3.007636087,-2.567821921,-0.235383899,-1.414408664,0.066056699
2026-04-17T19:39:02.666630+00:00,1776454742.666630030,374.574000000,0.601026292,-7.206363037,18.494568305,-0.034705374,0.105359024,-0.041000013,-0.410386513,0.464636912,0.501284481,0.140912137,0.012189380,-0.042255936,-4.103865133,4.646369120,5.012844809,1.409121369,0.121893800,-0.422559362
2026-04-17T19:39:02.827562+00:00,1776454742.827562094,374.674000000,0.912085139,-7.656590050,18.310005468,-0.003577361,0.092582000,-0.014249099,0.311058847,-0.450227014,-0.184562838,0.031128014,-0.012777023,0.026750914,3.110588469,-4.502270135,-1.845628376,0.311280139,-0.127770232,0.267509139
2026-04-17T19:39:02.991309+00:00,1776454742.991308928,374.774000000,0.859446169,-7.318013487,18.584388759,-0.104082032,0.142099019,0.029334282,-0.052638970,0.338576563,0.274383292,-0.100504671,0.049517018,0.043583381,-0.526389704,3.385765632,2.743832920,-1.005046714,0.495170185,0.435833810
2026-04-17T19:39:03.168553+00:00,1776454743.168553114,374.874000000,0.992187802,-7.250862138,18.464633316,-0.211775346,0.073215584,0.100434975,0.132741634,0.067151349,-0.119755443,-0.107693314,-0.068883435,0.071100693,1.327416337,0.671513488,-1.197554430,-1.076933144,-0.688834349,0.711006933
2026-04-17T19:39:03.348534+00:00,1776454743.348534107,374.974000000,1.306810482,-7.270016537,18.167667567,-0.058916125,0.182284613,-0.114157513,0.314622680,-0.019154398,-0.296965750,0.152859222,0.109069029,-0.214592488,3.146226798,-0.191543983,-2.969657495,1.528592216,1.090690287,-2.145924884
2026-04-17T19:39:03.498441+00:00,1776454743.498440981,375.074000000,1.036284730,-7.279185128,18.187864814,-0.067636771,0.174049442,-0.056622376,-0.270525752,-0.009168592,0.020197247,-0.008720647,-0.008235170,0.057535137,-2.705257524,-0.091685917,0.201972466,-0.087206465,-0.082351701,0.575351371
2026-04-17T19:39:03.670006+00:00,1776454743.670006037,375.176000000,1.014843353,-7.829358946,18.554451867,-0.110758884,0.137672943,0.013347459,0.000000000,0.000000000,0.000000000,0.000000000,0.000000000,0.000000000,0.000000000,0.000000000,0.000000000,0.000000000,0.000000000,0.000000000
2026-04-17T19:39:03.836653+00:00,1776454743.836652994,375.276000000,0.957317065,-7.540725303,18.307183846,-0.194818395,0.083548436,0.012591337,-0.057526288,0.288633643,-0.247268021,-0.084059511,-0.054124507,-0.000756121,-0.575262881,2.886336429,-2.472680206,-0.840595108,-0.541245065,-0.007561214
2026-04-17T19:39:04.004194+00:00,1776454744.004194021,375.376000000,1.196063607,-7.482947457,18.366284596,-0.142696652,0.160065227,0.029729492,0.238746542,0.057777846,0.059100750,0.052121743,0.076516790,0.017138155,2.387465419,0.577778455,0.591007501,0.521217426,0.765167902,0.171381550
2026-04-17T19:39:04.180880+00:00,1776454744.180880070,375.476000000,1.739307397,-7.170083726,17.980506186,-0.106016349,0.202470532,-0.023190076,0.543243790,0.312863732,-0.385778411,0.036680303,0.042405306,-0.052919568,5.432437900,3.128637317,-3.857784105,0.366803028,0.424053058,-0.529195683
2026-04-17T19:39:04.343750+00:00,1776454744.343750000,375.576000000,1.178746592,-7.427584118,17.985536097,0.038187408,0.225783303,0.032017217,-0.560560805,-0.257500393,0.005029911,0.144203757,0.023312770,0.055207293,-5.605608047,-2.575003928,0.050299114,1.442037574,0.233127702,0.552072928
2026-04-17T19:39:04.509298+00:00,1776454744.509298086,375.676000000,1.170964822,-7.329213237,18.022872107,-0.079690760,0.185695434,-0.057012171,-0.007781770,0.098370881,0.037336010,-0.117878168,-0.040087869,-0.089029388,-0.077817696,0.983708812,0.373360101,-1.178781679,-0.400878691,-0.890293879
2026-04-17T19:39:04.682892+00:00,1776454744.682892084,375.776000000,1.022149167,-7.611587609,18.185990793,-0.102860301,0.168576990,-0.075726904,-0.148815655,-0.282374372,0.163118686,-0.023169541,-0.017118443,-0.018714733,-1.488156550,-2.823743715,1.631186858,-0.231695406,-0.171184432,-0.187147328
2026-04-17T19:39:04.854865+00:00,1776454744.854865074,375.876000000,1.138412081,-7.285043416,17.752254521,-0.148692892,0.115534189,0.026386067,0.116262913,0.326544193,-0.433736272,-0.045832592,-0.053042801,0.102112971,1.162629135,3.265441930,-4.337362720,-0.458325918,-0.530428011,1.021129712
2026-04-17T19:39:05.022505+00:00,1776454745.022505045,375.976000000,0.782385728,-7.108411033,18.059439579,-0.210974808,0.121714584,-0.051325336,-0.356026352,0.176632383,0.307185058,-0.062281915,0.006180395,-0.077711404,-3.560263524,1.766323826,3.071850579,-0.622819155,0.061803946,-0.777114039
2026-04-17T19:39:05.204040+00:00,1776454745.204040051,376.076000000,1.003954124,-7.907544405,18.270401335,-0.044577737,0.196174543,0.086620237,0.221568396,-0.799133372,0.210961756,0.166397070,0.074459959,0.137945573,2.215683956,-7.991333724,2.109617564,1.663970703,0.744599594,1.379455734
2026-04-17T19:39:05.371684+00:00,1776454745.371684074,376.176000000,0.969757331,-7.163711139,18.297737626,-0.205976189,0.149448811,-0.033007547,-0.034196793,0.743833267,0.027336290,-0.161398451,-0.046725733,-0.119627785,-0.341967929,7.438332666,0.273362902,-1.613984515,-0.467257327,-1.196277845
2026-04-17T19:39:05.554781+00:00,1776454745.554780960,376.276000000,0.828288286,-7.491318823,18.377855942,-0.184338483,0.036873778,0.057987994,-0.141469045,-0.327607684,0.080118316,0.021637706,-0.112575032,0.090995542,-1.414690452,-3.276076841,0.801183162,0.216377063,-1.125750324,0.909955418
2026-04-17T19:39:05.720006+00:00,1776454745.720005989,376.376000000,1.168472835,-7.564754009,17.928915910,0.032126699,0.096789505,0.034800739,0.340184549,-0.073435186,-0.448940031,0.216465182,0.059915727,-0.023187256,3.401845492,-0.734351863,-4.489400314,2.164651817,0.599157273,-0.231872555
